domain_filled,Almaty,Belarus,Dubai,Germany,Kazakhstan,Minsk,Moscow,Remote,Russia,Saint Petersburg,Serbia,Tashkent,USA,Warsaw,Yerevan
Data/ML/Analytics,20.0,0.0,0.0,0.0,0.0,0.0,20.0,0.0,20.0,0.0,40.0,0.0,0.0,0.0,0.0
Design/Creative,0.0,0.0,4.0,4.0,4.0,16.0,8.0,12.0,12.0,8.0,0.0,0.0,8.0,20.0,4.0
Engineering/IT,4.878048780487805,7.317073170731707,2.4390243902439024,7.317073170731707,2.4390243902439024,12.195121951219512,26.82926829268293,0.0,9.75609756097561,17.073170731707318,2.4390243902439024,2.4390243902439024,2.4390243902439024,2.4390243902439024,0.0
Finance/Legal/HR,3.7037037037037033,3.7037037037037033,6.172839506172839,3.7037037037037033,1.2345679012345678,3.7037037037037033,49.382716049382715,3.7037037037037033,3.7037037037037033,4.938271604938271,1.2345679012345678,4.938271604938271,2.4691358024691357,2.4691358024691357,4.938271604938271
Healthcare/Education,0.0,0.0,33.33333333333333,0.0,0.0,0.0,33.33333333333333,0.0,33.33333333333333,0.0,0.0,0.0,0.0,0.0,0.0
Marketing/Sales,0.0,0.0,27.27272727272727,0.0,0.0,18.181818181818183,27.27272727272727,9.090909090909092,0.0,18.181818181818183,0.0,0.0,0.0,0.0,0.0
Operations/Administration,12.5,25.0,12.5,0.0,0.0,0.0,37.5,0.0,12.5,0.0,0.0,0.0,0.0,0.0,0.0
Product/Project Management,3.4722222222222223,0.0,7.638888888888889,4.166666666666666,3.4722222222222223,8.333333333333332,43.75,2.7777777777777777,9.722222222222223,5.555555555555555,3.4722222222222223,1.3888888888888888,2.083333333333333,2.7777777777777777,1.3888888888888888
