domain_filled,Almaty,Belarus,Dubai,Germany,Kazakhstan,Minsk,Moscow,Remote,Russia,Saint Petersburg,Serbia,Tashkent,USA,Warsaw,Yerevan
Data/ML/Analytics,0.0,0.0,50.0,0.0,0.0,0.0,0.0,0.0,0.0,0.0,0.0,50.0,0.0,0.0,0.0
Design/Creative,0.0,0.0,9.090909090909092,0.0,0.0,27.27272727272727,0.0,18.181818181818183,0.0,9.090909090909092,0.0,0.0,18.181818181818183,18.181818181818183,0.0
Engineering/IT,5.0,3.75,6.25,8.75,3.75,12.5,23.75,1.25,11.25,10.0,5.0,1.25,2.5,3.75,1.25
Finance/Legal/HR,5.128205128205128,2.564102564102564,0.0,5.128205128205128,0.0,2.564102564102564,58.97435897435898,2.564102564102564,0.0,7.6923076923076925,2.564102564102564,0.0,2.564102564102564,0.0,10.256410256410255
Healthcare/Education,0.0,0.0,0.0,0.0,0.0,25.0,0.0,25.0,25.0,0.0,0.0,0.0,25.0,0.0,0.0
Marketing/Sales,3.3333333333333335,3.3333333333333335,16.666666666666664,0.0,0.0,6.666666666666667,40.0,6.666666666666667,10.0,6.666666666666667,0.0,0.0,3.3333333333333335,3.3333333333333335,0.0
Operations/Administration,6.666666666666667,10.0,3.3333333333333335,3.3333333333333335,0.0,3.3333333333333335,43.333333333333336,6.666666666666667,6.666666666666667,6.666666666666667,0.0,10.0,0.0,0.0,0.0
Product/Project,0.0,0.0,0.0,0.0,0.0,0.0,0.0,0.0,0.0,0.0,0.0,100.0,0.0,0.0,0.0
Product/Project Management,2.5210084033613445,0.0,9.243697478991598,2.5210084033613445,4.201680672268908,5.88235294117647,45.378151260504204,2.5210084033613445,9.243697478991598,5.88235294117647,3.361344537815126,1.680672268907563,0.8403361344537815,5.042016806722689,1.680672268907563
