domain_filled,Almaty,Belarus,Dubai,Germany,Kazakhstan,Minsk,Moscow,Remote,Russia,Saint Petersburg,Serbia,Tashkent,USA,United Kingdom,Warsaw
Data/ML/Analytics,0.0,0.0,50.0,0.0,0.0,0.0,0.0,0.0,0.0,0.0,0.0,50.0,0.0,0.0,0.0
Design/Creative,0.0,0.0,9.090909090909092,0.0,0.0,27.27272727272727,0.0,18.181818181818183,0.0,9.090909090909092,0.0,0.0,18.181818181818183,0.0,18.181818181818183
Engineering/IT,5.0,3.75,6.25,8.75,3.75,12.5,23.75,1.25,11.25,10.0,5.0,1.25,2.5,1.25,3.75
Finance/Legal/HR,5.714285714285714,2.857142857142857,0.0,5.714285714285714,0.0,2.857142857142857,65.71428571428571,2.857142857142857,0.0,8.571428571428571,2.857142857142857,0.0,2.857142857142857,0.0,0.0
Healthcare/Education,0.0,0.0,0.0,0.0,0.0,25.0,0.0,25.0,25.0,0.0,0.0,0.0,25.0,0.0,0.0
Marketing/Sales,3.3333333333333335,3.3333333333333335,16.666666666666664,0.0,0.0,6.666666666666667,40.0,3.3333333333333335,10.0,6.666666666666667,0.0,0.0,3.3333333333333335,3.3333333333333335,3.3333333333333335
Operations/Administration,6.25,9.375,3.125,3.125,0.0,3.125,40.625,6.25,6.25,6.25,0.0,9.375,0.0,6.25,0.0
Product/Project,0.0,0.0,0.0,0.0,0.0,0.0,0.0,0.0,0.0,0.0,0.0,100.0,0.0,0.0,0.0
Product/Project Management,2.5,0.0,9.166666666666666,2.5,4.166666666666666,5.833333333333333,45.0,2.5,9.166666666666666,5.833333333333333,3.3333333333333335,1.6666666666666667,0.8333333333333334,2.5,5.0
