domain_filled,Almaty,Belarus,Dubai,Germany,Kazakhstan,Minsk,Moscow,Remote,Russia,Saint Petersburg,Serbia,Tashkent,USA,United Kingdom,Warsaw
Data/ML/Analytics,20.0,0.0,0.0,0.0,0.0,0.0,20.0,0.0,20.0,0.0,40.0,0.0,0.0,0.0,0.0
Design/Creative,0.0,0.0,4.166666666666666,4.166666666666666,4.166666666666666,16.666666666666664,8.333333333333332,12.5,12.5,8.333333333333332,0.0,0.0,8.333333333333332,0.0,20.833333333333336
Engineering/IT,4.761904761904762,7.142857142857142,2.380952380952381,7.142857142857142,2.380952380952381,11.904761904761903,26.190476190476193,0.0,9.523809523809524,16.666666666666664,2.380952380952381,2.380952380952381,2.380952380952381,2.380952380952381,2.380952380952381
Finance/Legal/HR,3.8461538461538463,3.8461538461538463,6.41025641025641,3.8461538461538463,1.282051282051282,3.8461538461538463,51.28205128205128,3.8461538461538463,3.8461538461538463,5.128205128205128,1.282051282051282,5.128205128205128,2.564102564102564,1.282051282051282,2.564102564102564
Healthcare/Education,0.0,0.0,33.33333333333333,0.0,0.0,0.0,33.33333333333333,0.0,33.33333333333333,0.0,0.0,0.0,0.0,0.0,0.0
Marketing/Sales,0.0,0.0,27.27272727272727,0.0,0.0,18.181818181818183,27.27272727272727,9.090909090909092,0.0,18.181818181818183,0.0,0.0,0.0,0.0,0.0
Operations/Administration,11.11111111111111,22.22222222222222,11.11111111111111,0.0,0.0,0.0,33.33333333333333,0.0,11.11111111111111,0.0,0.0,0.0,0.0,11.11111111111111,0.0
Product/Project Management,3.3557046979865772,0.0,8.053691275167784,4.026845637583892,3.3557046979865772,8.053691275167784,42.281879194630875,2.684563758389262,9.395973154362416,5.369127516778524,3.3557046979865772,2.684563758389262,2.013422818791946,2.684563758389262,2.684563758389262
